Product_id;sht_id;hersteller_produkt_nummer;bild_name_wurzel;anzahl_von_bilder;marke;produkt_name;detaillierte_beschreibung;zusammengefaste_beschreibung;produkt_merkmale;services;dokumente;hersteller_produkt_url;gewicht;Farbe;kategorie;reuter_megabad_aktion;reuter_megabad_preis;preis;gc_ek
1;VB5658.10;Villeroy&Boch_Tiefspülklosett_5658001;Villeroy&Boch_Tiefspülklosett_1;2;Villeroy&Boch;V&B O.Novo Tiefspülklosett;"O.novo; Tiefspu?lklosett fu?r Kombination; Sanita?rporzellan; Maße: 360 x 640 mm; bodenstehend, wandnah; Empfehlung: Montage mit Wandabstand:; Spu?lwasserbedarf: 3 / 4,5 l; Leed: 3; Befestigungssatz fu?r verdeckte Befestigung wird mitgeliefert; EN 997; mit Wassersparsystem AQUAREDUCT®: Spu?lwasserbedarf 3 / 4,5 Liter; Abgang waagerecht; Abgang senkrecht mo?glich durch Vario- Abflussbogen ";bodenstehend, wandnah, Abgang waagrecht, Spülwasserbedarf 4,5 Liter;Stand-WC;NULL;Villeroy&Boch_Tiefspülklosett_1;NULL;NULL;weiß;WC;292,8;151,66;268,4;NULL
2;K200460KT;Keramag_iConTiefspül-WC_200460600;Keramag_iContiefspül-WC_1;3;Keramag;Keramg iCon Tiefspül-WC;Tiefspül-Kombination, 6l, bodenstehend, bestehend aus:Tiefspül-WC, spülrandlos, 6 l, bodenstehend, Abgang Multi Material: Sanitärporzellan Farbe: Alpin (Weiß) Norm: CE, EN 997 - CL1 – 6A, EN33 Fabrikat: KERAMAG Modell: iCon Modell-Nr.: 200460 Maße:  Tiefe: 680 mm Ausladung: 680 mm Gewicht: 30,2 kg;iefspül-WC, spülrandlos, 6 l, bodenstehend, Abgang Multi, 680 mm Ausladung;Stand-WC ;NULL;NULL;Keramag_iContiefspül-WC_http://www.keramag.de/produkte/wcs-bidets-urinale/bodenstehende-wcs/icon-tiefspul-wc-spulrandlos-6-l-bodenstehend-abgang-multi-680-mm-ausladung/15935/;30,2;weiß;WC;291,88;799,68;672,0;NULL
3;K204060;Keramag_iConTiefspül-WC_204060000;Keramag_iConTiefspül-WC_204060000_1;3;Keramag;Keramg iCon Tiefspül-WC;Produkt und Raum individuell verbinden. iCon lädt ein zum kreativen Spiel mit unterschiedlichen Ebenen. Tiefspül-WC, 6 l,  CE, EN 997-CL1- 5 A + 6 A/C, EN 38 aus Sanitärkeramik wandhängend inkl. verdeckter Wandbefestigung von oben für Wandeinbauspülkasten oder Wandeinbau-Druckspüler Fabrikat: KERAMAG Modell: iCon Modell-Nr.: 204000  Größe: Breite: 355 mm, Tiefe: 530 mm, Höhe: 330 mm Montage: verlängerter Ablaufstutzen erforderlich;53 cm Ausladung, für WE-Kasten, nicht für den Einbau mit Druckspülern, inkl. verdeckte Wandbefestigung ;Wand-WC;NULL;NULL;Keramag_iContiefspül-WC_http://www.keramag.de/produkte/wcs-bidets-urinale/wandhangende-wcs/icon-tiefspul-wc-456-l-wandhangend-530-mm-ausladung/5545/;30,2;weiß;WC;174,89;608,09;511,0;NULL
4;O2096.6LCC;Laufen_ProSWand-WC_8209664000001;Laufen_ProSWand-WC_1;5;Laufen;Laufen Pro S Wand-WC Tiefspüler;Die WC-Reinigung ist eine Aufgabe, die wohl niemand gern übernimmt. Wie gut, dass das Laufen pro WC es Ihnen leicht macht! Durch den offenen Spülrand sowie die innovative Wasserführung beim Spülvorgang haben Ablagerungen kaum eine Chance. Darüber hinaus schont das WC die Umwelt! Es ist auf eine wassersparende Spülung mit 4,5 Litern bei voller Wassermenge bzw. 3 Litern bei Betätigung der Spartaste optimiert. Weitere Besonderheit: Die LCC Laufen Clean Coat-Oberfläche des WCs steigert nochmals die Hygiene in Ihrem Bad. So bleiben Schmutz und Kalk dank veredelter keramischer Oberfläche weitaus weniger haften. Produktmerkmale: Wandhängend, Tiefspüler, Besonders leichte Reinigung durch schmutzabweisende Oberfläche (LCC Laufen Clean Coat), Spülrandlos, daher keine verborgenen Stellen für Ablagerungen & Verschmutzungen, Innovativer Spülverteiler für ein perfektes Spülergebnis, Spülwasserbedarf: 3 Liter bei kleiner, 4,5 Liter bei großer Spültaste, Abgang waagerecht;Laufen PRO Wand-WC Tiefspüler ohne Spülrand, spülrandloses Keramikklosett, wandhängend, verdeckte Befestigung: auch außen mit glattem, leicht abwaschbarem Körper, für 4,5/3 l-Spülung;Wand-WC;NULL;NULL;NULL;NULL;weiß;WC;252,91;559,2;412,0;175,583
5;DUR045460.27WG;Duravit_VeroWaschTisch_04546000271;Duravait_VeroWaschTisch_1;3;Duravit;Duravit Vero Waschtisch;DURAVIT Vero Waschtisch mit Überlauf aus Sanitärkeramik mit Hahnlochbank für Einloch- optional, Dreilocharmatur oder ohne Hahnloch. Rechteckiger Waschtisch. Unterseite geschliffen für Konsolenmontage. Abmessungen(BxTxH)600x470x165mm. Weiß 00 und Schwarz 08. Ausführung ohne Hahnloch Best.Nr. 0454600028. Montage mit Einlocharmatur Best.Nr. 0454600027. Montage mit Dreilocharmatur Best.Nr. 0454600025;Duravit Vero Waschtisch 60 x 47 cm mit 1 Hahnloch geschliffen, mit Überlauf, mit Hahnlochbank, inkl. Befestigung, geschliffene Ausführung mit planem Boden zum Aufsetzen auf Möbel oder Platten;1 Hahnlohn;NULL;Duravit_VeroWaschTisch_1;Durvait_VeroWaschTisch_http://www.duravit.de/produkte/alle_serien/vero.de-de.html?product=94123;17,9;weiß;Waschbecken;274,07;579,6;483,0;NULL
6;K124020KT;Keramag_iconWaschtisch_124020600;Keramag_iconWaschtisch_1;3;Keramag;Keramag iCon Waschtisch ;Ebenfalls in komfortabler Großzügigkeit: Die 120 cm langen Waschtische mit und ohne Hahnlöcher., Waschtisch, EN 14688 CL 25, EN 32, aus Keralith, mit 2 Hahnlöchern, durchgehendes Becken mit einem Überlauf, Fabrikat: KERAMAG, Modell: iCon, Modell-Nr.: 124020, Größe: Breite: 1200 mm, Tiefe: 485 mm, Befestigung: Stockschrauben M 10 x 120, Unterbaufähig;Keramag iCon Waschtisch 120 x 48,5 cm aus Keralith (Feinfeuerton), mit zwei Hahnlöchern für zwei einzelne Standaramturen und einem zentralem Überlauf;2 Hahnlöcher;NULL;NULL;Keramag_iconWaschtisch_http://www.keramag.de/produkte/waschtische/standard-waschtische/icon-waschtisch-1200-x-485-mm-mit-zwei-hahnlochern/5450/;32,5;weiß;Waschbecken;403,26;1090,8;909,0;NULL
7;VB7175D0CP;Villeroy&Boch_subway2.0Schrank-Doppelwaschtisch_7175D0R1;Villeroy&Boch_subway2.0Schrank-Doppelwaschtisch_1;4;Villeroy&Boch;V&B Subway 2.0 Schrank-Doppelwaschtisch;"Subway 2.0; Schrank- Doppelwaschtisch; Sanita?rporzellan; Maße: 1300 x 470 mm; Eckig; fu?r zwei 3-Loch Armaturen geeignet, mittlere Hahnlo?cher durchgestochen; mit U?berlauf; Wandbefestigung; Befestigung mit 4 Stockschrauben M10x120 mm ";Villeroy & Boch Subway 2.0 Schrank-Doppelwaschtisch 130 x 47 cm, 2 x 1 Hahnloch mittig durchgestochen, auch für 3-Locharmaturen geeignet, mit Überlauf;2 Hahnlöcher;NULL;Villeroy&Boch_subway2.0Schrank-Doppelwaschtisch_1;Villeroy&Boch_subway2.0Schrank-Doppelwaschtisch_http://www.villeroy-boch.at/bw/m/Subway-2.0-Schrank-Doppelwaschtisch-Eckig-7175D0.html;38,7;weiß;Waschbecken;527,59;1194;1.094,50;NULL
8;VB4110.60CP;Villeroy&Boch_MyNatureAufsatzwaschtisch_411060R1;Villeroy&Boch_MyNatureAufsatzwaschtisch_1;3;Villeroy&Boch;V&B My Nature Aufsatzwaschtisch;"My Nature; Aufsatzwaschtisch; Sanita?rporzellan; Maße: 610 x 360 mm; Oval; ohne Hahnlochbank; ohne U?berlauf; Bei Modellen ohne U?berlauffunktion muss ein nicht verschließbares Ventil verwendet werden; inkl. nicht verschließbarem Ventil mit keramischer Ventilabdeckung, Befestigungssatz wird mitgeliefert ";"ohne Hahnlochbank; inkl. Nicht verschießbarem Ventil mit keramischer Ventilabdeckung; inkl. Befestigungssatz.";0 Hahnloch;NULL;Villeroy&Boch_MyNatureaufsatzwaschbecken_1;Villeroy&Boch_MyNatureAufsatzwaschbecken_http://www.villeroy-boch.at/bw/m/My-Nature-Aufsatzwaschtisch-Oval-411060.html;8,6;weiß;Waschbecken;339,85;699,6;641,3;NULL
9;K124053KT;Keramag_iConXSWaschtisch_124053600;Keramag_iConXSWaschtisch_1;1;Keramag;Keramag iCon Waschtisch Ablage rechts;Das moderne, geradlinige Design von iCon xs unterstützt eine klare Raumarchitektur. Dabei bietet diese Gäste-WC-Serie flexible Komfortlösungen, wie den 530 mm großen Waschtisch mit rechts- oder linksseitiger Ablagefläche. Waschtisch, EN 14688 - CL 00, EN 111, aus Keralith, mit Hahnloch rechts, ohne Überlauf, Ablagefläche rechts, Fabrikat: KERAMAG, Modell: iCon xs, Modell-Nr.: 124053, Größe: Breite: 530, Tiefe: 310 mm, Befestigung: Stockschrauben M10 x 120, Unterbaufähig;ohne Überlauf, kombinierbar mit Waschtischunterschränken 840052, 840053, 840054, aus Sanitärkeramik, 53cm mit Ablagefläche rechts;1 Hahnlohn;NULL;NULL;Keramag_iConXSWaschtisch_http://www.keramag.de/produkte/waschtische/standard-waschtische/icon-xs-waschtisch-530-x-310-mm-ablageflache-rechts-ohne-uberlauf/5453/;8,9;weiß;Waschbecken;167,29;472,8;394,0;NULL
10;K840420;Keramag_iConWaschtischunterschrank_840420000;Keramag_iConWaschtischunterschrank_1;1;Keramag;Keramag iCon Waschtischunterschrank;Die Waschtischunterschränke der Bad-Serie iCon bieten zusätzliche Komfortextras wie großzügige Schubladen und Auszüge mit sanftem Selbsteinzug.Waschtischunterschrank, 2 Schubladen und 2 Auszüge, Korpus/Front: Alpin Hochglanz, Material: P3 feuchtigkeitsbeständig, Griff: verchromt, Fabrikat: KERAMAG, Modell: iCon, Modell-Nr.: 840420, Größe: Breite 1190 mm, Tiefe 477 mm, Höhe 620 mm;mit 2 Schubladen und 2 Auszügen, Griffe verchromt ;Spanplatte;NULL;NULL;Keramag_iConWaschtischunterschrank_http://www.keramag.de/produkte/mobel/waschtischunterschranke/icon-waschtischunterschrank-1190-x-620-x-477-mm-korpusfront-alpin-hochglanz/6318/;51;weiß;Badmöbel;721,79;1567,2;1306,0;NULL
11;K879010;Keramag_RenovaNr.1PlanSeitenschrank_879010000;Keramag_RenovaNr.1PlanSeitenschrank_1;1;Keramag;Keramag Renova Nr. 1 Plan Seitenschrank;Mit den designstarken Badmöbeln in drei unterschiedlichen Fronten - Weiß Hochglanz, Rubin Hochglanz und Wenge Dekor Hochglanz - kombiniert mit der Korpusoberfläche Weiß, können Sie Farbe bekennen. Je nach Geschmack - modern und individuell.Seitenschrank, Türanschlag links, 1 Tür mit Dämpfmechanismus, 1 Einlegeboden, 1 Schublade mit Selbsteinzug, Korpus: Weiß, Front: Weiß Hochglanz, Griffe: verchromt, Fabrikant: KERAMAG, Modell: Renova Nr. 1 Plan, Modell-Nr.: 879010, Größe: Breite 390 mm, Tiefe 360 mm, Höhe 1130 mm;Korpus Weiß, mit 1 Tür, 1 Einlegeboden, 2 Griffe verchromt/poliert, 1 Schublade;Mitteldichte Faserplatte;NULL;NULL;Keramag_RenovaNr.1PlanSeitenschrank_http://www.keramag.de/produkte/mobel/hoch-und-seitenschranke/renova-nr-1-plan-seitenschrank-390-x-1130-x-360-mm-turanschlag-links/6381/;22,9;weiß;Badmöbel;342,76;738;615,0;NULL
12;K840045;Keramag_iConSeitenschrank_840045000;Kermaga_iConSeitenschrank_1;1;Keramag;Keramag iCon Seitenschrank;"Der ""bodenstehende"" Seitenschrank der Bad-Serie iCon eröffnet neuartige Möglichkeiten der Rauminszenierung.";mit Schublade und Auszug, Griffe verchromt;Spanplatte;NULL;NULL;Keramag_iConSeitenschrank_http://www.keramag.de/produkte/mobel/hoch-und-seitenschranke/icon-seitenschrank-450-x-600-x-477-mm-korpusfront-burgund-hochglanz/6271/;25;burgund hochglanz;Badmöbel;382,09;859,2;716,0;NULL
13;KC5623.171100;Keuco_Royal30Wandschrank_05623171100;Keuco_Royal30Wandschrank_1;2;Keuco;Keuco Royal 30 Wandschrank;Außenmaß, Korpus silber-gebeizt-eloxiert, Drehtür aus randversiegeltem Kristall-Doppelspiegeln, Seitenverspiegelung, Innenausstattung: 3 höhenverstellbare Glasablagen;NULL;Kristallglas;NULL;NULL;NULL;NULL;verspiegelt;Badmöbel;405;711,6;593,0;NULL
14;DURDN1276.18R;Duravit_DarlingNewRegalhoch_DN1276R1818;Duravit_DarlingNewRegalhoch_1;2;Duravit;Durvait Darling New Regal;"DURAVIT Darling New Regal 600, Design by sieger design, aus hoch verdichteter Dreischicht-Holzspanplatte. Beidseitig mit Melaninharzdekor direkt beschichtet, mit ABS Kanten. Unempfindlich gegen Feuchtigkeit. Rechts 1 gro&#223;er Spiegel, Spiegel Abmessung (BxTxH) 283x3x1798mm, 4 Holzfachb&#246;den. R&#252;ckwand aus 8mm Holzspanplatte verleimt. Schrankaufh&#228;nger zweidimensional leicht verstellbar, von der R&#252;ckwand verdeckt. Abmessungen(BxTxH) 600x340x1800mm. Oberfl&#228;chen laut aktueller Farbtabelle. Best.Nr. DN 1276 L/R ";Duravit Darling New Regal hoch, für Wandmontage, mit Spiegel rechts, mit 4 Holzfachböden, Abmessung Spiegel B: 28,3 H: 179,8 T: 0,03 cm;Dreischichtholzspanplatte/Glas;NULL;Duravit_DarlingNewRegalhoch_1;NULL;NULL;weiß/verspiegelt;Badmöbel;538;815,15;899,0;NULL
15;O3295.1LCC;Laufen_ProStandbidet_8329514003041;Laufen_ProStandbidet_1;1;Laufen;Laufen Pro Standbidet;304 mit 1 Hahnloch mittig, 2 seitliche Löcher für Wasseranschluss (außenliegend);Laufen Pro, Standbidet, Hahnloch mittig durchgestochen;Standbidet;NULL;NULL;Laufen_ProStandbidet_http://www.laufen.co.at/de/products/product-finder/bidets/standbidet/laufen-pro/832951;19,5;weiß;Bidet;221,94;447,6;277,0;NULL
16;K234000KT;Keramag_iConBidet_234000600;Keramag_iConBidet_1;1;Keramag;Keramag iCon Bidet;Keramag iCon Bidet, wandhŠngend, fŸr Einlocharmaturen mit flexiblen AnschlussschlŠuchen, aus Keravit (SanitŠrporzellan);für Einlocharmatur mit flexiblen Anschlussschläuchen;Wandbidet;NULL;NULL;Keramag_iConBidet_http://www.keramag.de/produkte/wcs-bidets-urinale/bidets/icon-bidet-wandhangend/5630/;16;weiß;Bidet;221,75;586,8;489,0;NULL
17;O27950;Laufen_ProBadewanne_2279500000401;Laufen_ProBadewanne_1;1;Laufen;Laufen Pro Badewanne;Laufen Pro Körperform-Einbau-Badewanne 180 x 80 cm, aus Stahl, 3,5 mm, mit 2 Rückenschrägen, Nutzinhalt: 194 l, Ablauf mittig Ø: 5,2 cm;Badewanne, Stahl-Email 3,5 mm, Ablauf mittig, mit Anti-Noise-Pads;Rechteckbadewanne;NULL;NULL;Laufen_ProBadewanne_http://www.de.laufen.com/de/products/product-finder/badewannen/badewanne/laufen-pro/227950;58;weiß;NULL;486,09;1012,69;308,0;NULL
18;IST9637;IdealStandart_CalcitAcrylWanneAsym_T963701;IdealStandart_CalcitAcrylWanneAsym_1;2;Ideal Standart;Ideal Standart Connect Playa Dusch-Badewanne;Connect - Playa Dusch-Badewanne asymmetrisch links, glasfaserverstärkter Außenmantel, einlaminierte Verstärkung des Wannenrandes und des Bodenbereiches, Einbau durch Unter- bzw. Abmauerung, Wannenfüße oder Wannenträge;Asymmetrisch links, Glasfaserverstärkter Außenmantel, einlaminierte Verstärkung des Wannenrandes und des Bodenbereiches. DIN 198. Wasserinhalt bis Überlauf 267 Liter;Dusch-Badewanne;NULL;NULL;IdealStandart_CalcitAcrylWanneAsym_http://www.idealstandard.at/de/products/2/pe_8096.html;30;weiß;NULL;486,09;1012,69;588,3;NULL
19;ISE3067;IdealStandart_DEABadewanneFreistehend_E306701;IdealStandart_DEABadewanneFreistehend_1;3;Ideal Standart;Ideal Standart Dea freistehende Badewanne;IS Badewanne DEA, freistehend, 1800x800x475/610mm, Weiß, Körperform-Badewanne freistehend aus Sanitär-Acryl. Gefertigt nach DIN 14516. Glasfaserverstärkter Außenmantel. Einlaminierte Verstärkung des Bodenbereiches. Ablaufloch Durchmesser 52 mm. Inklusive Fußgestell zum Aufbau auf dem fertig gefliesten Fußboden. Mit vormontierter Ablaufgarnitur. Norm: DIN EN 14516, DIN EN 232, DIN EN 198;aus Sanitär-Acryl, inkl. Fußgestell zum Aufbau auf dem fertig gefliesten Fußboden, mit vormontierter Ablaufgarnitur;Freistehende Badewanne;NULL;NULL;IdealStandart_DEABadewanneFreistehend_http://www.idealstandard.at/de/products/2/pe_8922.html;40;weiß;NULL;1340,86;2914,91;2449,5;NULL
20;K657300;Keramag_RenovaNr.1Eckwanne_657300000;Keramag_RenovaNr.1Eckwanne_1;1;Keramag;Keramag Renova Nr.1 Eckwanne;Auch Dusch- und Badewannen in unterschiedlichen Größen und Formen gehören zum Produktprogramm von Renova Nr. 1. Für grenzenlose Gestaltungsvielfalt. Eck-Badewanne mit integrierter, oberer Sitzfläche, Material: Sanitär-Acryl, Größe: 1350 x 1350 mm (Schenkellänge), Tiefe: 440 mm, Nutzinhalt: 155 Liter, Ab- und Überlauf 52 mm mittig vorne, Wanneninnenmaß (oben): 1590 x 725 mm, Bodenmaß innen: 980 x 510 mm, Höhe Wannenrand: 35 mm, Tiefe (Ecke bis Vorderkante): 1460 mm, Breite (vorne): 1900 mm, Fabrikat: Keramag, Modell: Renova Nr. 1;Keramag Renova Nr.1 Eck-Badewanne, Schenkellänge:135 cm, Tiefe: 44 cm, Material: Sanitär-Acryl;Eck-Badewanne;NULL;NULL;Keramag_RenovaNr.1Eckwanne_http://www.keramag.de/produkte/badewannen/eck-und-asymmetrische-eckwannen/renova-nr-1-eckwanne-schenkellange-1350-mm/6057/;25;weiß;NULL;342,76;622,8;519,0;NULL
21;KERATP5008018;Kermi_AteaViertelkr.Duschkabine_ATP5008018VAK;Kermi_AteaViertelkr.Duschkabine_1;4;Kermi;Kermi Atea Viertelkreis Duschkabine;Teilgerahmte Viertelkreis-Duschkabine mit zwei Glasflügeln, nach innen und außen öffnend, mit zwei Festfeldern. Mit universellen Stabilisierungen (innen und außen). Verglasung 6 mm Einscheiben-Sicherheitsglas nach DIN EN 12150, Profile aus hochwertigem eloxiertem Aluminium, Griffe aus hochwertigem Metall. Verstellmöglichkeit im Wandprofil 25 mm. Türprofile mit Hebe-Senk-Mechanismus, Durchgehende Magnetleisten und Dichtprofile, waagerechte Dichtleiste in Dachrinnenform. Mit Bodenschwelle (Höhe 6 mm), oder ohne Bodenschwelle (bodenfrei) installierbar. Made in Germany.;für gleichschenkelige Wannen, Einbaumöglichkeiten: Ecke, U-Kabine (auf Anfrage);Viertelkreisdusche;NULL;NULL;NULL;NULL;transparent/silber;NULL;1446,34;2332,8;1944,0;NULL
22;KERI2B35080;Kermi_Ibiza2000Fünfeckduschkabine_I2B35080181AK;Kermi_Ibiza2000Fünfeckduschkabine_1;3;Kermi;Kermi Ibiza 2000 Fünfeckduschkabine;Teilgerahmte Fünfeck-Duschkabine mit zwei Glasflügeln, nach innen und außen öffnend, mit zwei Festfeldern. Mit Stabilisierung (innen). Verglasung Festfelder mit 6 mm, Pendeltüren mit 4 mm Einscheiben-Sicherheitsglas nach DIN EN 12150, Profile aus hochwertigem eloxiertem Aluminium, Griffe aus hochwertigem Kunststoff. Verstellmöglichkeit im Wandprofil 17 mm. Türprofile mit Hebe-Senk-Mechanismus. Durchgehende Magnetleisten und Dichtprofile. Mit Bodenschwelle (Höhe 16 mm). Installation immer mit Bodenschwelle. Made in Germany.;Kermi Ibiza 2000 Fünfeck, Pendeltüren mit Festfeldern ESG transparent / silber mattglanz;Fünfeckduschkabine;NULL;NULL;NULL;NULL;transparent/silber;NULL;1963,92;1716;1430,0;NULL
23;KERI2O2008.2W;Kermi_Ibiza2000Rundduschkabine_I2O20080202AK;Kermi_Ibiza2000Rundduschkabine_1;3;Kermi;Kermi Ibiza 2000 Rundduschkabine;Teilgerahmte Viertelkreis-Duschkabine mit zwei Glasflügeln, nach innen und außen öffnend, mit zwei Festfeldern. Mit Stabilisierung (innen). Verglasung Festfelder mit 6 mm, Pendeltüren mit 4 mm Einscheiben-Sicherheitsglas nach DIN EN 12150, Profile aus hochwertigem eloxiertem Aluminium, Griffe aus hochwertigem Kunststoff. Verstellmöglichkeit im Wandprofil 17 mm. Türprofile mit Hebe-Senk-Mechanismus. Durchgehende Magnetleisten und Dichtprofile. Mit Bodenschwelle (Höhe 16 mm). Installation immer mit Bodenschwelle. Made in Germany.;Kermi Ibiza 2000 Viertelkreis, Pendeltüren mit Festfeldern ESG transparent / silber mattglanz ;Rundduschkabine;NULL;NULL;NULL;NULL;transparent/silber;NULL;1521,48;2454;2526,0;NULL
24;G23127;Grohe_EurocubeEinhand-Waschtischbatterie_23127000;Grohe_EurocubeEinhand-Waschtischbatterie_1;5;Grohe;Grohe Eurocube Einhand-Waschtisch;Leichtgängige 28 mm Keramikkartusche (GROHE SilkMove®), Langlebige Chromoberfläche, einfach zu reinigen (GROHE StarLight®), Mit Temperaturbegrenzer, Zugstangen-Ablaufgarnitur zum einfachen Öffnen und Schließen des Beckens, Flexible Anschlussschläuche, Inklusive Schnellmontage-System (GROHE QuickFix® Plus);"Mousseur, Zugstangen-Ablaufgarnitur 5/4"", flexible Anschlussschläuche, Temperaturbegrenzer";Einhebel-Mischer;NULL;NULL;NULL;NULL;chrom;NULL;309,48;117,28;253,7;82,22
25;HG31607;Hansgrohe_FocusEinhebel-Waschtischmischer_31607000;Hansgrohe_FocusEinhebel-Waschtischmischer_1;1;Hansgrohe;Hansgrohe Focus Einhebel-Waschtischmischer 100;ComfortZone 100, Zugstangen-Ablaufgarnitur G 1 1/4, Keramikmischsystem, Boltic Griffverriegelung, Temperaturbegrenzung individuell einstellbar, Durchflussbegrenzer 5 l/min, QuickClean Luftsprudler;Hansgrohe Focus Einhebel-Waschtischmischer 100 mit Ablaufgarnitur;Einhebel-Mischer;NULL;NULL;NULL;NULL;chrom;NULL;64,7;183,12;152,6;58,5
26;DO2071389200;Dornbracht_TaraWT-Dreilochbatterie_20713892-00;Dornbracht_TaraWT-Dreilochbatterie_1;1;Dornbracht;Dornbracht Tara. Waschtisch-Dreilochbatterie;"Ausladung 165 mm, schwenkbarer Auslauf, Armaturenhöhe 285 mm, Luftsprudler M 18 x 1 - IG, Seitenventile mit 2 xControl Keramik-Oberteilen 1/2"", 2 Druckschläuche M 10 x 1 eingeschraubt, Quetschverschraubungen, Ablaufgarnitur 5/4""";"schwenkbarer Auslauf, Luftsprudler M 18 x 1 - IG, Seitenventile mit 2 xControl Keramik-Oberteile 1/2"", 2 Druckschläuche M 10 x 1 eingeschraubt, Ablaufgarnitur 1 1/4""";Zweigriffmischer;NULL;NULL;Dornbracht_TaraWT-Dreilochbatterie_https://www.dornbracht.com/de-at/products/?Series=Tara.&preferredItem=F160EDCD19A4432B9AFFB86DAE8BAAD5;NULL;chrom;NULL;664,07;1054,08;966,2;NULL
27;G19408001;Grohe_EssenceWaschtischmischer_19408001;Grohe_EssenceWaschtischmischer_1;2;Grohe;Grohe Essence 2-Loch-Waschtischbatterie;Wandmontage, Fertigmontageset für 32 635 000, ohne Unterputz-Einbaukörper, GROHE EcoJoy® Mousseur 5,7 l/min, GROHE AquaGuide verstellbarer Mousseur, GROHE StarLight® Chromoberfläche, Ausladung 183 mm, Stichmaß 110 mm, Metallrosette, Bedienungshebel aus Metall;Langlebige Chromoberfläche, einfach zu reinigen (GROHE StarLight®), Wasser sparen ohne Komfortverlust (GROHE EcoJoy®), Durchflussbegrenzer für einen Wasserverbrauch von max. 5,7 Liter pro Minute, Luftsprudler für eine optimale Strahlausrichtung um +/- 10° verstellbar (GROHE AquaGuide®), Inklusive Metallrosetten;Wandmontage;NULL;NULL;NULL;NULL;chrom;NULL;147,24;328,56;279,2;NULL
28;KC14972.010200;Keuco_PlanToilettenbürstengarnitur_14972010200;Keuco_PlanToilettenbürstengarnitur_1;1;Keuco;Keuco Plan Toilettenbürstengarnitur ;komplett mit Kunststoff-Einsatz schwarz,  Bürste mit Griff und Ersatzbürstenkopf schwarz;Keuco Plan Toilettenbürstengarnitur, Einsatz u.Bürstenkopf schwarz;WC-Bürstengarnituren;NULL;NULL;NULL;NULL;chrom;NULL;47,33;103,8;86,5;NULL
29;KC12760.010000;Keuco_MollToilettenpapierhalter_12760010000;Keuco_MollToilettenpapierhalter_1;1;Keuco;Keuco Moll Toilettenpapierhalter mit Deckel;für Rollenbreite 100mm, Metall, chrom;mit Deckel, für Rollenbreite 100 mm ;Toilettenpapierhalter;NULL;NULL;NULL;NULL;chrom;NULL;44,54;96,96;80,8;NULL
30;KC1618N;Keuco_EleganceHandtuchhalter_01618010000;Keuco_EleganceHandtuchhalter_1;1;Keuco;Keuco Elegance Handtuchhalter;Keuco Elegance Handtuchhalter, 2-teilig verchromt ;NULL;Handtuchhalter;NULL;NULL;NULL;NULL;chrom;NULL;64,18;133,44;111,2;NULL
31;KC11158.010000;Keuco_Edition11Duschkorb_11158010000;Keuco_Edition11Duschkorb_1;3;Keuco;Keuco Edition Duschkorb;Keuco Edition 11 Duschkorb 300mm, Aluminium silber-eloxiert/verchromt;NULL;Duschkörbe;NULL;NULL;NULL;NULL;silber eloxiert/chrom;NULL;81,31;174,98;145,8;NULL
32;EMCO052100101;Emco_TürkisSeifenspender_052100101;Emco_TürkisSeifenspender_1;4;Emco;Emco Türkis Seifenspender mit Kristallglasbehälter;komplett, satinierter Kristallglasbehälter mit Kunststoffpumpe in geradlinigem, purem Design, Wird an 2 Punkten verdeckt angebracht, Bohrlochabstand: 24 mm, Breite 70 mm, Höhe 160 mm, Tiefe 113 mm, Lieferung inkl. korrosionsbeständigem Befestigungsmaterial;Emco Türkis Seifenspender mit Kristallglasbehälter satiniert, chrom ;Seifenspender;NULL;NULL;NULL;NULL;chrom;NULL;30,41;70,92;45,8;NULL
33;ISN1404;Idealstandart_ConnectSpiegel_N1404BH;Idealstandart_ConnectSpiegel_1;1;Ideal Standart;Ideal Standart Connect Spiegel;Kristallglas,verspiegelt,500mm;NULL;Wandspiegel;NULL;NULL;NULL;NULL;verspiegelt;Spiegel;59,59;129,6;108,0;NULL
34;SAM5503970;Sam_MiroKosmetikspiegel_5503970010;Sam_MiroKosmetikspiegel_1;2;Sam;Sam Miro Wand-Kosmetikspiegel mit LED-Beleuchtung;Kosmetikspiegel einseitig konkav, mit 7-fach Vergrößerung, mit LED-Beleuchtung, mit Direktanschluss, Touch-LED-Sensor als Ein-/Ausschalter, dimmbar, Spiegel an ineinander klappbaren Doppelgelenkarm beweglich gelagert, ohne sichtbare Kabelverbindung, schattenfrei, tageslichttauglich. Elektrische Ausstattung nach deutscher Norm;einseitig konkav, 212 mm Ø mit LED-Beleuchtung, 100 - 240 V, mit Direktanschluss, Touch-LED-Sensor als Ein-/Ausschalter, dimmbar, Spiegel an ineinander klappbaren Doppelgelenkarm beweglich gelagert, chrom;Kosmetikspiegel;NULL;NULL;NULL;NULL;chrom;Spiegel;502,56;838,6;698,0;NULL
35;K807840;Keramag_Xeno2Lichtspiegelelement_807840000;Keramag_Xeno2Lichtspiegelelement_1;1;Keramag;Keramag Xeno2 Lichtspiegel;LED 24 V DC 23 W, 4000 K/1025 lm, 230V, mit Sensorschalter, dimmbar und Anti-Beschlag;NULL;Wandspiegel;NULL;NULL;NULL;NULL;verspiegelt;Spiegel;443,8;909,6;758,0;NULL
36;SAM5503110;Sam_KosmetikspiegelUnbeleuchtet_5503110010;Sam_KosmetikspiegelUnbeleuchtet_1;1;Sam;Sam Wand-Kosmetikspiegel unbeleuchtet;Rückwand verchromt, einseitig konkav, Spiegel 212 mm Ø, Spiegel auf einer Wandkonsole + Doppelgelenkarm, beweglich gelagert, chrom;Sam Kosmetikspiegel unbeleuchtet, einseitig konkav, 10 fache Vergrößerung;Kosmetikspiegel;NULL;NULL;NULL;NULL;verspiegelt;Spiegel;162,36;295,2;246,0;NULL